{"early_stopped":true,"val/bce_loss":0.058278810876877384,"val/combined_loss":0.06758026970907095,"_runtime":2121,"train/dice_loss":0.04814169208435267,"_timestamp":1.759029679081199e+09,"train/combined_loss":0.035798922937231706,"learning_rate":0.00025075000000000016,"stopped_at_epoch":20,"train/bce_loss":0.023456153686040485,"val/dice_loss":0.07688172890784893,"_step":28,"best_val_loss":0.06113558318069641,"epoch":20,"_wandb":{"runtime":2121},"best_epoch":12,"epoch_time_seconds":105.91150283813477}